id,name,model_id:id,group_id:id,perm_read,perm_write,perm_create,perm_unlink
access_custom_dummy_type,access_custom_dummy_type,model_custom_dummy_type,,1,1,1,1
access_custom_appointment_contact_info_field,access_custom_appointment_contact_info_field,model_custom_appointment_contact_info_field,business_appointment.group_ba_admin,1,1,1,1
access_custom_business_resource_type_field,access_custom_business_resource_type_field,model_custom_business_resource_type_field,business_appointment.group_ba_admin,1,1,1,1
access_custom_business_resource_field,access_custom_business_resource_field,model_custom_business_resource_field,business_appointment.group_ba_admin,1,1,1,1
access_custom_appointment_product_field,access_custom_appointment_product_field,model_custom_appointment_product_field,business_appointment.group_ba_admin,1,1,1,1