id,name,model_id:id,group_id:id,perm_read,perm_write,perm_create,perm_unlink
access_business_resource_public,access_business_resource_public,business_appointment.model_business_resource,,1,0,0,0
access_business_resource_type_public,access_business_resource_type,business_appointment.model_business_resource_type,,1,0,0,0
access_appointment_product_public,access_appointment_product,business_appointment.model_appointment_product,,1,0,0,0
access_business_appointment_core_portal,access_business_appointment_core_portal,business_appointment.model_business_appointment_core,base.group_portal,1,1,1,0
access_business_appointment_portal,access_business_appointment_portal,business_appointment.model_business_appointment,base.group_portal,1,1,1,0
access_website_business_appointment,access_website_business_appointment,model_website_business_appointment,base.group_user,1,1,1,1
access_website_business_appointment_portal,access_website_business_appointment_portal,model_website_business_appointment,base.group_portal,1,1,1,1
access_website_business_appointment_public,access_website_business_appointment_public,model_website_business_appointment,base.group_public,1,1,1,1
access_associated_product_line_portal,access_associated_product_line_portal,business_appointment.model_associated_product_line,base.group_portal,1,1,1,1